model,test_accuracy,test_loss,batch_size,lr,weight_decay,sequence_length,d_model,n_heads
model_1,0.41649377593361,1.9594625411940008,32,0.001,0.0001,16,512,8
model_2,0.3799273858921161,1.8068007605134948,32,0.001,0.0001,32,512,4
model_3,0.38148340248962653,1.783530016575963,32,0.001,0.0001,32,1024,16
